{
    "camera_matrix": [
        [
            2375.5851644752906,
            0.0,
            961.4805268984657
        ],
        [
            0.0,
            2375.91467956224,
            535.2739906481941
        ],
        [
            0.0,
            0.0,
            1.0
        ]
    ],
    "distortion_coefficients": [
        [
            -0.028163655119942052,
            0.27480147344395955,
            -0.0008266243098107365,
            0.0008623647186101915,
            -0.8380204713961532
        ]
    ],
    "reprojection_error": 0.862426969003576
}