{
    "camera_matrix": [
        [
            2367.9837719933194,
            0.0,
            968.8458053653546
        ],
        [
            0.0,
            2369.456363126892,
            531.2056603538124
        ],
        [
            0.0,
            0.0,
            1.0
        ]
    ],
    "distortion_coefficients": [
        [
            -0.029322265810555297,
            0.49670828881658663,
            -0.001170658061826231,
            0.0012119932841298817,
            -2.143003182460888
        ]
    ],
    "reprojection_error": 0.6441891313075575
}